Snapshot_Date,Property_ID,Property_Name,Builder,Builder_Tier,Micro_Market,Zone_Type,Year_Built,Age_Years,Age_Category,Resident_Rating,Feedback_Score,Rate_Per_Sqft_INR,Config,Area_Sqft,Base_Price_Cr,Base_Price_INR,Monthly_Maintenance_INR,Annual_Maintenance_INR,Stamp_Duty_Registration_INR,Legal_Khata_Fees_INR,Society_Corpus_Fund_INR,Interiors_Estimate_INR,Downpayment_20pct_INR,Upfront_Cash_Required_INR,Total_Ownership_Cost_INR,Total_Ownership_Cost_Cr,Panathur_Bottleneck,Metro_Distance_KM,Office_Distance_KM,Land_Title,RERA_Number,RERA_Status,Validation_URL,RERA_Portal_URL,Source_Listing_URL,Validation_Status,Common_Complaints
2026-10-02,prop_07,Total Environment Pursuit of a Radical Rhapsody,Total Environment Building Systems,Tier 1,Kadubeesanahalli / Hoodi Link,Green,2024,2,Brand New (0-3 yrs),4.8,96,19200,3 BHK C20 / 4 BHK L30,3200,6.144,61440000,20800,249600,4055040,85000,500000,3500000,12288000,16928040,69829640,6.983,NO (Green Route),1.4,1.2,A-Khata (BDA / BBMP approved),PRM/KA/RERA/1251/446/PR/171014/000433,Verified & Delivered,https://www.sobha.com/bangalore/sobha-dream-acres-panathur,https://rera.karnataka.gov.in/viewProjectDetails?id=PRM/KA/RERA/1251/310/PR/170918/000320,https://www.99acres.com/sobha-dream-acres-panathur-road-bangalore-east-npxid-r21200,Verified: Delivered Township (Panathur Bottleneck Red Zone),"Extremely high acquisition cost and maintenance outflow (Rs 20,800/month). | Woodwork & terracotta garden terrace requires specialized maintenance contracts. | Longer wait time for delivery in upcoming phase blocks."
2026-10-02,prop_05,Sobha Marvella,Sobha Limited,Tier 1,Bellandur Core,Green,2021,5,Prime Modern (4-7 yrs),4.7,94,15500,3.5 BHK,2350,3.642,36425000,12220,146640,2404050,65000,350000,2500000,7285000,10104050,41890690,4.189,NO (Green Route),0.9,0.8,A-Khata (BBMP approved),PRM/KA/RERA/1251/310/PR/170928/000120,Verified & Delivered,https://www.sobha.com/bangalore/sobha-marvella-bellandur,https://rera.karnataka.gov.in/viewProjectDetails?id=PRM/KA/RERA/1251/310/PR/190412/002530,https://www.99acres.com/sobha-marvella-bellandur-bangalore-east-npxid-r2981,Verified: Ultra Luxury A-Khata & Delivered,Very high maintenance charges (Rs 5.2/sqft/mo). | Strict RWA rules regarding delivery partners entering residential towers. | Premium pricing creates higher property tax assessment.
2026-10-02,prop_01,Sobha Iris,Sobha Limited,Tier 1,Green Glen Layout,Green,2018,8,Mature Gated (8-12 yrs),4.6,92,14200,3 BHK,1950,2.769,27690000,8775,105300,1827540,60000,250000,1800000,5538000,7675540,31732840,3.173,NO (Green Route),0.85,0.9,A-Khata (BBMP approved),PRM/KA/RERA/1251/310/PR/171015/000450,Verified & Delivered,https://www.sobha.com/bangalore/sobha-iris-green-glen-layout,https://rera.karnataka.gov.in/viewProjectDetails?id=PRM/KA/RERA/1251/310/PR/171015/000450,https://www.99acres.com/sobha-iris-green-glen-layout-bangalore-east-npxid-r1843,Verified: Active A-Khata & Karnataka RERA Approved,Evening traffic queue at Green Glen main arch when entering from ORR during 6:30 PM - 8:30 PM. | Strict visitor parking guidelines; guest vehicles must obtain guard clearance in advance. | Higher monthly maintenance bill due to club facilities and continuous security patrol.
2026-10-02,prop_02,Prestige Sunnyside (Oak & Elm),Prestige Group,Tier 1,Bellandur Core,Green,2017,9,Mature Gated (8-12 yrs),4.5,89,13800,3 BHK,1825,2.518,25185000,7665,91980,1662210,60000,220000,1600000,5037000,6979210,28819190,2.882,NO (Green Route),0.65,0.7,A-Khata (BBMP approved),PRM/KA/RERA/1251/310/PR/171123/000980,Verified & Delivered,https://www.prestigeconstructions.com/projects/prestige-sunnyside/,https://rera.karnataka.gov.in/viewProjectDetails?id=PRM/KA/RERA/1251/310/PR/171123/000980,https://www.magicbricks.com/prestige-sunnyside-bellandur-bangalore-pdpid-4d42353034343138,Verified: Active A-Khata & Karnataka RERA Approved,ORR service road can experience slowdowns during morning rain showers. | Gym can get crowded between 7:00 AM - 8:30 AM on weekdays. | Occasional pressure fluctuations on top floors during tank maintenance cycles.
2026-10-02,prop_08,Assetz Canvas & Cove,Assetz Property Group,Tier 1,Kadubeesanahalli East,Green,2023,3,Brand New (0-3 yrs),4.5,90,12800,2.5 BHK,1415,1.811,18112000,5801,69612,1195392,55000,180000,1300000,3622400,5052792,20912004,2.091,NO (Green Route),0.8,0.7,A-Khata (BBMP approved),PRM/KA/RERA/1251/446/PR/200123/003204,Verified & Delivered,https://www.brigadegroup.com/residential/bengaluru/outer-ring-road,https://rera.karnataka.gov.in/viewProjectDetails?id=PRM/KA/RERA/1251/310/PR/180620/001850,https://www.magicbricks.com/property-for-sale-in-bellandur-bangalore,Verified: Tier 1 Brigade A-Khata Listing,"Compact room sizing in standard 2 BHK units (1,190 sqft). | Minor dust from adjacent plot construction underway. | Co-working lounge internet speeds dip during morning standup hours."
2026-10-02,prop_04,Rohan Jharoka II,Rohan Builders,Tier 2,Green Glen Layout,Green,2019,7,Prime Modern (4-7 yrs),4.4,88,12200,2.5 BHK,1500,1.83,18300000,5850,70200,1207800,55000,175000,1300000,3660000,5097800,21108000,2.111,NO (Green Route),0.95,1.1,A-Khata (BBMP approved),PRM/KA/RERA/1251/310/PR/171205/001120,Verified & Delivered,https://www.rohanbuilders.com/residential/bangalore/rohan-jharoka,https://rera.karnataka.gov.in/viewProjectDetails?id=PRM/KA/RERA/1251/310/PR/180210/001420,https://housing.com/in/buy/projects/page/18520-rohan-jharoka-ii-by-rohan-builders-in-bellandur,Verified: BBMP A-Khata & Karnataka RERA Approved,Zero common wall design limits room extension / customization flexibility. | Internal layout road has multiple speed humps. | Basement parking slots can be tight for large SUVs in block C.
2026-10-02,prop_03,NCC Nagarjuna Green Woods,NCC Urban,Tier 2,Kadubeesanahalli (Gurukul Side),Green,2016,10,Mature Gated (8-12 yrs),4.4,87,11500,3 BHK,1700,1.955,19550000,6460,77520,1290300,55000,180000,1400000,3910000,5435300,22552820,2.255,NO (Green Route),0.45,0.5,A-Khata (BBMP approved),PRM/KA/RERA/1251/310/PR/180210/001420,Verified & Delivered,https://nccurban.com/nagarjuna-green-woods-kadubeesanahalli,https://rera.karnataka.gov.in/viewProjectDetails?id=PRM/KA/RERA/1251/310/PR/170915/000210,https://www.99acres.com/nagarjuna-green-woods-kadubeesanahalli-bangalore-east-npxid-r2190,Verified: BBMP A-Khata & Karnataka RERA Approved,"10-year old society, some facade paint touch-ups pending in Tower B. | Clubhouse tennis court booking slots fill up fast on Saturday mornings. | School bus drop-off point causes minor 10-minute bottleneck near Gurukul back road."
2026-10-02,prop_06,Salarpuria Sattva Senorita,Salarpuria Sattva Group,Tier 1,Bellandur - Sarjapur Border,Green,2018,8,Mature Gated (8-12 yrs),4.3,86,13100,3 BHK,1765,2.312,23121500,7060,84720,1526019,60000,200000,1500000,4624300,6410319,26492239,2.649,NO (Green Route),1.1,1.2,A-Khata (BBMP approved),PRM/KA/RERA/1251/310/PR/180104/000850,Verified & Delivered,https://assetzproperty.com/canvas-and-cove/,https://rera.karnataka.gov.in/viewProjectDetails?id=PRM/KA/RERA/1251/310/PR/200115/003180,https://www.nobroker.in/assetz-canvas-and-cove-bellandur-bangalore-prjid-6086,Verified: BDA Approved A-Khata & RERA Registered,Weekend mall traffic near Central signal can slow down turning into society lane. | Swimming pool deep-end closed for kids under 14 unless certified. | High proportion of tenant population compared to resident owners.
2026-10-02,prop_09,Sobha Dream Acres,Sobha Limited,Tier 1,Panathur / Balagere Road,Red,2019,7,Prime Modern (4-7 yrs),3.6,64,8900,2 BHK,1100,0.979,9790000,3850,46200,646140,50000,120000,900000,1958000,2774140,11552340,1.155,YES (Severe Choke),3.4,3.2,A-Khata (BBMP approved),PRM/KA/RERA/1251/446/PR/170915/000155,Verified & Delivered,https://www.sattvagroup.in/projects/senorita-sarjapur-road,https://rera.karnataka.gov.in/viewProjectDetails?id=PRM/KA/RERA/1251/310/PR/171110/000850,https://www.99acres.com/salarpuria-sattva-senorita-sarjapur-road-bangalore-south-npxid-r1492,Verified: BBMP A-Khata Gated Community,"SEVERE TRAFFIC: 45-75 min wasted daily at Panathur railway underpass. | Heavy reliance on private water tankers resulting in periodic water tariff hikes. | Access roads flood during heavy monsoon rain, preventing vehicle movement. | High population density (6,000+ units) creates long elevator queues."
2026-10-02,prop_10,Balagere Lakeview Residency (Local Builder),Local Developer,Local,Panathur Junction,Red,2017,9,Mature Gated (8-12 yrs),2.9,48,5800,2 BHK,1125,0.652,6525000,2812,33744,430650,35000,80000,700000,1305000,1850650,7804394,0.78,YES (Severe Choke),2.9,2.7,B-Khata / Panchayat (High Legal Risk),NOT_REGISTERED,Unverified / Non-compliant,https://www.godrejproperties.com/bengaluru/residential/godrej-lake-gardens,https://rera.karnataka.gov.in/viewProjectDetails?id=PRM/KA/RERA/1251/310/PR/180516/001740,https://housing.com/in/buy/projects/page/51820-godrej-lake-gardens-by-godrej-properties-in-kaikondrahalli,Verified: Tier 1 Godrej Lakeside A-Khata,"LEGAL TITLE RISK: Panchayat B-Khata land, bank loan financing rejected by major PSUs. | 100% dependent on private tanker supply; borewells went dry in 2023. | Poor wall plastering and early seepage visible on external walls. | Direct exposure to Panathur dust and constant horn noise."
